workload,pc_hex,source_region_hex,pc,source_region,transitions,distinct_deltas,top4_hits,top5_hits,top6_hits,k90,qualifies,delta1,count1,delta2,count2,delta3,count3,delta4,count4,delta5,count5,delta6,count6,top5_rate,top6_rate
whiskey_0000,0x1ae8f5b0,0xa5067dd0,451474864,2768666064,6791,38,5752,6017,6139,6,1,84142,2588,440177,1480,84271,1028,448736,656,294973,265,84859,122,0.8860256221469592,0.903990575762038
whiskey_0000,0x1ae8f5b0,0xa504b4a7,451474864,2768549031,6785,48,6033,6170,6252,5,1,109735,2653,284288,2265,269318,713,796220,402,271035,137,802010,82,0.9093588798820929,0.9214443625644805
whiskey_0000,0x1ae8f5b0,0xa50eed5e,451474864,2769218910,5547,42,4989,5171,5230,5,1,-185847,3013,133035,1116,-403545,452,126534,408,73338,182,-398452,59,0.9322156120425455,0.9428519920677844
whiskey_0000,0x1ae8f5b0,0xa506bccc,451474864,2768682188,314,16,270,287,292,5,1,433794,149,-133157,52,348841,38,386265,31,127506,17,-143287,5,0.9140127388535032,0.9299363057324841
whiskey_0000,0x1ae8f5b0,0xa508b5a1,451474864,2768811425,299,10,263,273,283,5,1,25336,219,20677,21,79070,12,-157345,11,-84500,10,-61196,10,0.9130434782608695,0.9464882943143813
whiskey_0000,0x1ae8f5b0,0xa506bb83,451474864,2768681859,296,10,263,274,283,5,1,154902,130,479382,97,150243,21,151464,15,-141204,11,-23301,9,0.9256756756756757,0.956081081081081
compute_int_617,0x405d70,0x5c8,4218224,1480,1438,8,988,1205,1419,6,1,-252,263,-251,263,342,245,-577,217,74,217,1,214,0.8379694019471489,0.9867872044506258
compute_int_617,0x405d70,0x5bf,4218224,1471,1270,7,908,1110,1264,6,1,-335,263,9,217,311,217,76,211,-341,202,-345,154,0.8740157480314961,0.9952755905511811
compute_int_617,0x405d70,0x5be,4218224,1470,1112,5,976,1112,1112,5,1,-348,325,-570,217,1,217,313,217,-346,136,0,0,1.0,1.0
compute_int_617,0x405d70,0x5c2,4218224,1474,1075,5,906,1075,1075,5,1,-667,263,75,218,77,217,-301,208,-303,169,0,0,1.0,1.0
compute_int_617,0x405d70,0x5c7,4218224,1479,1065,5,905,1065,1065,5,1,48,263,74,217,75,217,344,208,-253,160,0,0,1.0,1.0
473.astar-359b,0x402392,0x1434,4203410,5172,984,7,738,820,902,6,1,-974,328,-975,246,-3110,82,-2168,82,-976,82,-70,82,0.8333333333333334,0.9166666666666666
473.astar-359b,0x402392,0x1640,4203410,5696,984,7,738,820,902,6,1,-3166,246,-3165,246,-3167,164,-3060,82,-2355,82,-4,82,0.8333333333333334,0.9166666666666666
473.astar-359b,0x402392,0x93e,4203410,2366,902,7,656,738,820,6,1,3391,328,-10,164,-21,82,588,82,2515,82,3619,82,0.8181818181818182,0.9090909090909091
473.astar-359b,0x402392,0x140b,4203410,5131,902,7,656,738,820,6,1,-820,246,-819,164,-818,164,-3536,82,-2972,82,-2115,82,0.8181818181818182,0.9090909090909091
473.astar-359b,0x402392,0x1437,4203410,5175,902,7,656,738,820,6,1,-985,246,-987,164,-986,164,-3453,82,-3007,82,-2684,82,0.8181818181818182,0.9090909090909091
473.astar-359b,0x402392,0x1451,4203410,5201,902,7,656,738,820,6,1,-1088,246,-1086,246,-3643,82,-1950,82,-1087,82,-150,82,0.8181818181818182,0.9090909090909091
tahoe_0018,0x14a84e3d,0x647ae7aa,346574397,1685776298,697,10,492,588,683,6,1,3363,193,898,102,-27292,99,3364,98,3359,96,-1,95,0.8436154949784792,0.9799139167862266
tahoe_0018,0x14a84e3d,0x647af4ce,346574397,1685779662,608,11,391,484,574,6,1,-2470,102,-2465,98,-3363,97,-2762,94,-2761,93,-6,90,0.7960526315789473,0.944078947368421
tahoe_0018,0x14a84e3d,0x647ae7a9,346574397,1685776297,593,7,490,582,591,5,1,3360,199,-27291,102,3365,96,-27293,93,3359,92,899,9,0.9814502529510961,0.9966273187183811
tahoe_0018,0x14a84e3d,0x647af4c9,346574397,1685779657,585,8,401,488,575,6,1,5,115,-3359,103,-3360,96,-3361,87,-2756,87,-2754,87,0.8341880341880342,0.9829059829059829
